Produto;Categoria;Preco;Avaliacao_Estrelas;Quantidade;Cliente_ID;Quantidade_Avaliacoes
Carregador;Acessórios;1392.68;1;5;C9313;2034
Smartphone;Eletrônicos;2526.75;1;1;C5209;3976
Fone de Ouvido;Acessórios;6756.4;1;1;C3981;3283
Fone de Ouvido;Acessórios;638.18;1;5;C1466;2507
Carregador;Acessórios;6483.39;4;1;C5242;1601
Smartwatch;Eletrônicos;4656.19;3;1;C6190;4139
Smartphone;Eletrônicos;4566.12;3;5;C5501;3294
Cadeira Gamer;Móveis;7685.87;3;4;C1414;3977
Câmera;Eletrônicos;5493.97;2;2;C2641;1313
Carregador;Acessórios;3230.3;5;2;C5210;3780
Notebook;Eletrônicos;2360.0;1;1;C9903;3399
Notebook;Eletrônicos;4888.27;5;3;C5756;2199
Tablet;Eletrônicos;2582.81;4;3;C5086;1973
Teclado;Acessórios;3901.57;1;3;C7071;4158
Notebook;Eletrônicos;6878.99;3;5;C9427;1543
Smartwatch;Eletrônicos;3003.48;5;2;C2609;4702
Mochila;Utilidades;7641.72;5;1;C9838;2101
TV;Eletrônicos;1736.36;2;4;C8924;3227
Smartwatch;Eletrônicos;1437.44;3;2;C9143;1165
Fone de Ouvido;Acessórios;1300.1;2;2;C1762;2186
Monitor;Eletrônicos;7281.34;5;5;C7873;380
Smartphone;Eletrônicos;6549.16;1;5;C9912;3663
Teclado;Acessórios;7189.45;5;5;C7789;3565
Smartwatch;Eletrônicos;6913.98;5;2;C4232;2076
Smartphone;Eletrônicos;2773.51;5;2;C2388;754
Smartphone;Eletrônicos;4926.21;3;5;C1177;2825
Teclado;Acessórios;974.01;4;1;C5071;38
Caixa de Som;Acessórios;500.99;2;1;C2760;3544
Livro;Livros;4799.7;2;3;C5756;3551
Smartwatch;Eletrônicos;2669.33;2;2;C4575;21
Notebook;Eletrônicos;6293.61;2;4;C8262;3329
Teclado;Acessórios;4611.33;2;1;C4104;301
Mouse;Acessórios;1468.28;3;4;C8140;4735
Mochila;Utilidades;5543.52;5;2;C6368;1156
Notebook;Eletrônicos;4679.61;5;4;C7774;4916
Smartphone;Eletrônicos;5727.0;1;3;C3859;579
Tablet;Eletrônicos;6352.78;3;4;C6977;936
Carregador;Acessórios;2794.97;3;1;C1423;3073
Monitor;Eletrônicos;7271.87;4;2;C4505;3093
Smartwatch;Eletrônicos;3312.47;1;2;C5744;3446
Smartwatch;Eletrônicos;3772.96;2;5;C8990;2025
Notebook;Eletrônicos;457.5;3;2;C7153;1569
Mochila;Utilidades;6690.58;4;5;C4190;3834
Cadeira Gamer;Móveis;1231.97;4;1;C8897;1218
Fone de Ouvido;Acessórios;3654.96;4;3;C9910;3480
Carregador;Acessórios;7369.21;1;5;C2433;890
Notebook;Eletrônicos;7025.29;1;1;C5033;2979
Smartwatch;Eletrônicos;259.11;1;2;C6845;4742
Caixa de Som;Acessórios;4315.74;5;4;C8433;270
Câmera;Eletrônicos;4632.82;2;1;C1298;4967
Mouse;Acessórios;3415.3;5;3;C5400;3674
Notebook;Eletrônicos;190.84;2;5;C7488;2441
Notebook;Eletrônicos;1267.92;5;2;C8845;3702
Monitor;Eletrônicos;6827.91;2;5;C2629;1284
Fone de Ouvido;Acessórios;5214.69;5;1;C1203;4597
Câmera;Eletrônicos;5075.09;3;5;C1811;4359
Mochila;Utilidades;1941.44;1;5;C4215;4738
Mouse;Acessórios;3039.48;4;1;C7230;1383
Livro;Livros;6586.49;1;1;C9873;4656
Livro;Livros;6591.67;2;5;C5877;589
Mouse;Acessórios;7803.83;4;5;C2010;4356
Carregador;Acessórios;504.63;2;5;C5340;163
Livro;Livros;6326.05;1;2;C4567;1910
Notebook;Eletrônicos;3089.69;4;4;C1688;2216
Tablet;Eletrônicos;7734.84;5;3;C5035;1539
Mochila;Utilidades;7546.68;2;5;C2224;4112
Fone de Ouvido;Acessórios;1404.56;2;4;C3354;3450
Mouse;Acessórios;5861.18;2;2;C8555;2044
Monitor;Eletrônicos;4560.02;5;4;C6290;4136
Livro;Livros;166.45;5;5;C5352;2304
Fone de Ouvido;Acessórios;3634.23;1;4;C8468;3722
Teclado;Acessórios;7405.73;3;2;C4735;1207
Livro;Livros;2144.51;5;3;C2219;2855
Tablet;Eletrônicos;2849.89;2;3;C5348;1681
Mouse;Acessórios;3094.75;5;3;C1330;3081
Monitor;Eletrônicos;2467.09;2;4;C7425;2879
Fone de Ouvido;Acessórios;7110.59;4;3;C9923;1945
Teclado;Acessórios;5081.46;2;3;C3940;127
TV;Eletrônicos;3776.41;1;5;C1143;2319
Smartwatch;Eletrônicos;7491.52;2;2;C4995;4462
Notebook;Eletrônicos;699.79;5;3;C4696;4465
Smartphone;Eletrônicos;7552.06;3;4;C5041;2688
Teclado;Acessórios;6705.7;5;5;C7137;2224
Carregador;Acessórios;6869.42;3;2;C6090;1074
TV;Eletrônicos;226.88;3;5;C5850;3874
Livro;Livros;437.97;2;5;C3439;519
Smartphone;Eletrônicos;6021.19;3;3;C3948;1720
Mochila;Utilidades;834.8;1;4;C2089;2487
Mouse;Acessórios;854.59;5;5;C1771;1759
Teclado;Acessórios;4684.83;2;3;C2882;4390
Câmera;Eletrônicos;492.8;4;1;C2030;970
Mouse;Acessórios;5999.01;4;5;C6838;124
Smartphone;Eletrônicos;2141.49;4;2;C9431;1880
Tablet;Eletrônicos;4094.08;2;2;C2557;1154
Monitor;Eletrônicos;1405.41;3;3;C3047;2795
Teclado;Acessórios;7996.22;5;5;C7527;2303
Notebook;Eletrônicos;2443.55;2;4;C3114;789
Notebook;Eletrônicos;2430.49;3;5;C2007;2470
Smartphone;Eletrônicos;6796.32;4;1;C2654;833
Notebook;Eletrônicos;6661.77;5;2;C4929;3576
Mouse;Acessórios;159.43;3;4;C7502;2319
Notebook;Eletrônicos;5850.63;3;5;C5964;3203
Smartphone;Eletrônicos;346.96;1;3;C6791;462
Mouse;Acessórios;2005.23;5;2;C5024;4819
Smartphone;Eletrônicos;1441.66;3;3;C4429;1001
Tablet;Eletrônicos;7223.59;4;1;C8871;4419
Notebook;Eletrônicos;132.81;5;4;C1694;1859
Fone de Ouvido;Acessórios;1336.23;2;2;C5663;3066
Câmera;Eletrônicos;6500.94;3;3;C8274;408
Monitor;Eletrônicos;7565.8;4;3;C1260;3092
Carregador;Acessórios;2017.19;3;1;C3962;2931
Smartwatch;Eletrônicos;2081.95;3;1;C7681;3554
Smartwatch;Eletrônicos;3554.11;2;5;C7206;3360
Caixa de Som;Acessórios;1806.92;2;3;C6389;4465
Smartphone;Eletrônicos;5665.55;3;5;C5397;3435
Smartphone;Eletrônicos;1384.55;5;2;C4422;4052
Fone de Ouvido;Acessórios;6413.18;4;5;C5413;1544
Caixa de Som;Acessórios;3327.39;2;3;C4493;4499
Cadeira Gamer;Móveis;731.46;2;2;C5427;2740
Smartphone;Eletrônicos;2690.75;5;1;C1071;2379
Tablet;Eletrônicos;577.73;5;2;C1221;3626
TV;Eletrônicos;3477.63;5;3;C3881;2905
Tablet;Eletrônicos;2865.46;4;3;C4187;4429
Fone de Ouvido;Acessórios;3895.65;4;3;C5426;4303
Cadeira Gamer;Móveis;5293.42;5;4;C6405;2871
TV;Eletrônicos;4269.26;5;5;C3996;118
Smartwatch;Eletrônicos;6040.54;1;3;C1008;1261
Notebook;Eletrônicos;4840.39;4;5;C9303;1853
Carregador;Acessórios;734.0;5;2;C9577;403
Câmera;Eletrônicos;5737.59;2;1;C7121;1463
Mochila;Utilidades;1428.52;5;4;C3131;227
Mouse;Acessórios;348.73;1;4;C9110;773
Fone de Ouvido;Acessórios;3303.74;2;5;C6480;1846
Caixa de Som;Acessórios;5619.75;2;3;C8508;1422
TV;Eletrônicos;2401.24;5;5;C1050;2899
Mouse;Acessórios;3536.2;3;1;C1256;4120
Teclado;Acessórios;3552.21;4;5;C8216;3832
Tablet;Eletrônicos;823.22;3;5;C2372;4318
Smartphone;Eletrônicos;1009.01;4;4;C5570;409
Smartwatch;Eletrônicos;7938.52;4;3;C5301;2087
TV;Eletrônicos;4083.34;3;5;C9240;352
Cadeira Gamer;Móveis;6385.29;2;4;C3122;1023
Notebook;Eletrônicos;6705.58;4;2;C3881;2379
Smartphone;Eletrônicos;4972.04;2;4;C1679;1224
Notebook;Eletrônicos;4424.03;1;4;C9109;1992
Notebook;Eletrônicos;4530.24;4;5;C3299;2910
Caixa de Som;Acessórios;2723.18;3;4;C3517;3733
Monitor;Eletrônicos;7901.51;4;5;C6986;1799
Tablet;Eletrônicos;205.07;3;4;C2992;264
Livro;Livros;3295.69;3;1;C5671;2563
Smartwatch;Eletrônicos;34.67;5;5;C6355;3673
Smartphone;Eletrônicos;7573.28;4;3;C1452;2469
Smartwatch;Eletrônicos;2805.16;1;3;C3044;3167
TV;Eletrônicos;7955.14;1;3;C3542;4584
Mochila;Utilidades;912.4;1;5;C5374;2388
Caixa de Som;Acessórios;2829.13;2;5;C4082;4458
Mochila;Utilidades;2560.19;5;2;C2287;3980
Caixa de Som;Acessórios;2909.44;2;1;C9446;2053
Notebook;Eletrônicos;1611.07;3;4;C5826;852
Notebook;Eletrônicos;5830.29;1;2;C2644;2514
Mochila;Utilidades;3361.75;5;4;C6161;846
Monitor;Eletrônicos;4053.96;1;3;C7412;1620
Mochila;Utilidades;3728.37;1;5;C6844;3357
Cadeira Gamer;Móveis;4510.8;2;5;C7338;3327
Livro;Livros;3917.77;3;5;C3353;3342
Mochila;Utilidades;4323.19;3;5;C3295;2695
Teclado;Acessórios;1814.36;2;1;C8105;1168
Câmera;Eletrônicos;1164.08;3;3;C5097;274
Carregador;Acessórios;4234.44;2;3;C2238;728
Monitor;Eletrônicos;6110.58;1;3;C8183;443
Smartwatch;Eletrônicos;3341.69;3;2;C8705;1817
Smartwatch;Eletrônicos;5776.34;5;5;C7474;800
Livro;Livros;6733.2;2;3;C9144;3357
Monitor;Eletrônicos;5971.53;2;2;C9115;4708
TV;Eletrônicos;760.8;5;1;C5217;1491
Carregador;Acessórios;2263.01;4;2;C3169;1304
Livro;Livros;6547.18;2;5;C6575;275
Fone de Ouvido;Acessórios;4000.49;5;1;C9511;1815
Teclado;Acessórios;6976.42;3;5;C5773;2535
Câmera;Eletrônicos;660.53;1;4;C5091;510
TV;Eletrônicos;1092.76;2;5;C1887;3005
TV;Eletrônicos;4543.36;1;2;C6438;4182
Teclado;Acessórios;7386.48;2;3;C2571;37
Câmera;Eletrônicos;2686.25;2;5;C7363;624
Notebook;Eletrônicos;2270.94;2;5;C3264;2442
TV;Eletrônicos;1820.16;2;3;C8824;842
Mouse;Acessórios;5424.37;5;2;C4126;1582
Câmera;Eletrônicos;3172.19;5;5;C5501;2243
Teclado;Acessórios;7064.63;2;5;C3260;4093
Livro;Livros;4819.78;5;5;C8367;2598
Teclado;Acessórios;1667.65;2;5;C7397;3579
Smartphone;Eletrônicos;5648.83;4;1;C1817;1951
Caixa de Som;Acessórios;993.17;3;4;C3649;2780
Câmera;Eletrônicos;7372.21;4;2;C1930;3657
Caixa de Som;Acessórios;7556.85;3;1;C2212;2307
Notebook;Eletrônicos;4778.08;2;5;C7827;386
Carregador;Acessórios;6481.57;1;2;C5948;2051
Smartwatch;Eletrônicos;3585.99;3;3;C2191;478
Notebook;Eletrônicos;2553.9;5;4;C7993;3465
Monitor;Eletrônicos;4101.46;1;4;C3510;3338
Notebook;Eletrônicos;4210.74;2;5;C9674;2245
Cadeira Gamer;Móveis;7667.13;5;4;C7226;2416
Smartphone;Eletrônicos;294.16;4;3;C4550;85
Livro;Livros;3644.44;4;2;C5819;459
Cadeira Gamer;Móveis;4697.17;1;2;C2678;4914
Smartwatch;Eletrônicos;4378.78;1;4;C9503;3870
Câmera;Eletrônicos;2721.16;3;4;C4328;3132
Cadeira Gamer;Móveis;7574.34;3;3;C1731;1107
TV;Eletrônicos;1893.33;2;5;C7717;1620
Teclado;Acessórios;3570.46;1;5;C9738;3823
Câmera;Eletrônicos;7665.74;2;3;C3383;1753
Cadeira Gamer;Móveis;1788.6;5;4;C8031;3524
Teclado;Acessórios;1463.16;4;5;C9778;4787
Caixa de Som;Acessórios;4295.76;1;5;C8502;2008
Mochila;Utilidades;1475.07;5;5;C3460;804
Câmera;Eletrônicos;1956.93;3;3;C2683;2105
Tablet;Eletrônicos;3426.93;4;1;C1061;2014
Mochila;Utilidades;1737.7;4;4;C7325;3491
Tablet;Eletrônicos;1045.68;2;1;C1505;1787
Mouse;Acessórios;394.61;2;2;C7387;767
Câmera;Eletrônicos;3099.94;3;1;C7245;3753
Smartwatch;Eletrônicos;772.09;1;1;C2382;1825
Fone de Ouvido;Acessórios;4590.49;1;4;C2933;1653
Cadeira Gamer;Móveis;4590.05;4;2;C2008;1894
Carregador;Acessórios;538.65;3;3;C7257;3419
Smartwatch;Eletrônicos;2570.25;5;1;C7318;3707
Mochila;Utilidades;2933.89;2;4;C7817;2619
TV;Eletrônicos;1274.21;4;5;C6999;4254
Notebook;Eletrônicos;6573.93;4;4;C6195;2083
Smartwatch;Eletrônicos;2573.77;4;4;C4038;1926
Smartphone;Eletrônicos;4865.24;4;1;C6156;2681
Tablet;Eletrônicos;1073.38;4;4;C1006;4899
Smartwatch;Eletrônicos;4290.53;2;5;C4510;3902
Smartwatch;Eletrônicos;6936.85;1;1;C2280;2664
Smartphone;Eletrônicos;6679.44;2;5;C6760;754
Carregador;Acessórios;7371.85;2;3;C6584;1905
Smartwatch;Eletrônicos;1096.37;2;3;C9128;593
Monitor;Eletrônicos;1897.63;1;2;C2972;3324
Smartwatch;Eletrônicos;5316.12;1;1;C7081;4862
Notebook;Eletrônicos;7770.36;5;5;C6390;2910
Teclado;Acessórios;3972.88;5;5;C3786;1416
Câmera;Eletrônicos;5948.68;4;1;C6808;649
Teclado;Acessórios;3778.63;1;5;C4740;666
Mouse;Acessórios;308.81;1;5;C6728;699
Smartwatch;Eletrônicos;879.34;2;3;C2364;4299
Livro;Livros;6777.88;3;4;C5293;1831
Notebook;Eletrônicos;1239.34;4;4;C7926;3374
Carregador;Acessórios;2108.43;5;5;C1026;99
TV;Eletrônicos;2922.31;3;4;C5882;4783
Teclado;Acessórios;6784.54;3;2;C5968;3337
Carregador;Acessórios;6476.54;5;4;C3024;4052
Cadeira Gamer;Móveis;1503.04;2;2;C8644;110
Mouse;Acessórios;163.19;2;2;C9974;3719
Teclado;Acessórios;6050.14;2;4;C5253;4673
Mochila;Utilidades;2457.51;4;5;C3545;978
Câmera;Eletrônicos;1976.76;3;5;C3310;2817
Câmera;Eletrônicos;1879.13;4;4;C1923;1270
TV;Eletrônicos;4671.88;5;2;C7761;4767
Carregador;Acessórios;3353.83;1;5;C3669;3499
TV;Eletrônicos;1646.03;1;4;C9967;1810
Fone de Ouvido;Acessórios;6615.42;2;1;C3781;3503
Caixa de Som;Acessórios;5226.83;5;4;C9665;2693
Cadeira Gamer;Móveis;4851.76;1;5;C6791;4522
Caixa de Som;Acessórios;3088.21;2;2;C9175;3898
Teclado;Acessórios;6017.92;4;1;C4495;3589
Carregador;Acessórios;4255.83;4;1;C6414;1266
Notebook;Eletrônicos;4982.9;2;4;C4096;3443
Tablet;Eletrônicos;431.15;3;3;C6218;1623
TV;Eletrônicos;2490.15;2;1;C3560;1088
Fone de Ouvido;Acessórios;2256.35;4;2;C8771;3321
TV;Eletrônicos;4365.14;1;3;C2661;3053
Smartwatch;Eletrônicos;2996.31;4;2;C7892;4476
Smartwatch;Eletrônicos;4862.84;2;2;C9689;1827
Carregador;Acessórios;3369.69;2;3;C9260;4227
Teclado;Acessórios;5525.8;5;3;C7877;4082
Teclado;Acessórios;7470.13;2;1;C1286;169
Caixa de Som;Acessórios;6931.99;2;4;C6672;1401
Tablet;Eletrônicos;4102.88;2;4;C2287;4040
Cadeira Gamer;Móveis;78.82;1;4;C4281;4758
Mochila;Utilidades;882.28;2;5;C5514;2818
Teclado;Acessórios;541.28;5;3;C2959;3530
Notebook;Eletrônicos;1065.92;3;5;C1537;4653
Notebook;Eletrônicos;7805.94;5;2;C7555;2580
Mochila;Utilidades;3819.22;4;4;C3412;842
Mochila;Utilidades;3081.0;3;2;C1926;4164
Smartphone;Eletrônicos;6413.5;1;1;C9189;4994
Carregador;Acessórios;7218.16;3;5;C8286;3080
Mochila;Utilidades;508.75;3;4;C8135;4078
TV;Eletrônicos;2908.68;2;4;C4828;3197
Caixa de Som;Acessórios;7075.91;1;4;C4657;3010
Mouse;Acessórios;4676.58;1;2;C5531;356
Tablet;Eletrônicos;6747.92;3;1;C4798;905
TV;Eletrônicos;355.83;5;5;C6165;1268
Tablet;Eletrônicos;2844.89;1;4;C9953;3256
Tablet;Eletrônicos;1016.25;3;5;C2145;4021
Tablet;Eletrônicos;3969.78;5;2;C8517;3201
Carregador;Acessórios;4367.3;5;2;C5027;312
TV;Eletrônicos;4809.15;2;2;C2228;3220
Câmera;Eletrônicos;5556.7;2;4;C7534;3253
Teclado;Acessórios;2074.36;5;1;C3829;2160
TV;Eletrônicos;2466.66;5;4;C3539;1529
Monitor;Eletrônicos;7680.54;5;4;C8203;435
Smartphone;Eletrônicos;5128.72;1;2;C1290;1185
Fone de Ouvido;Acessórios;3552.5;2;2;C6055;2127
Smartwatch;Eletrônicos;1426.58;5;4;C8446;1016
Smartwatch;Eletrônicos;5411.33;3;1;C7155;598
Cadeira Gamer;Móveis;1870.49;5;5;C4676;4926
Fone de Ouvido;Acessórios;6042.11;1;5;C7201;3860
TV;Eletrônicos;1113.61;5;3;C3664;3252
Livro;Livros;120.39;3;5;C5645;1155
Notebook;Eletrônicos;7910.62;2;5;C1290;3863
Câmera;Eletrônicos;2044.26;4;4;C1475;3405
Notebook;Eletrônicos;975.11;5;5;C1340;3991
Câmera;Eletrônicos;6618.44;3;2;C4128;3480
Monitor;Eletrônicos;5292.37;1;5;C2147;2888
Smartphone;Eletrônicos;3742.0;5;3;C7684;1363
Monitor;Eletrônicos;3508.84;4;4;C6371;657
Caixa de Som;Acessórios;237.1;3;5;C2283;3827
Câmera;Eletrônicos;2082.82;2;4;C4566;2442
Fone de Ouvido;Acessórios;729.49;2;2;C1370;649
Livro;Livros;7931.42;1;3;C9368;16
Mochila;Utilidades;7172.12;2;4;C1168;4184
Câmera;Eletrônicos;5722.83;2;3;C2741;383
Mochila;Utilidades;3802.24;1;1;C5545;511
Livro;Livros;2935.04;3;3;C5805;2256
Monitor;Eletrônicos;590.69;1;3;C5767;2186
Fone de Ouvido;Acessórios;3212.81;1;2;C6311;4857
TV;Eletrônicos;1023.81;3;2;C7892;4474
Smartphone;Eletrônicos;3011.98;1;1;C3321;82
Fone de Ouvido;Acessórios;6088.49;4;3;C2478;156
Teclado;Acessórios;2868.49;3;1;C4819;3444
Monitor;Eletrônicos;3702.95;2;3;C4958;3962
Notebook;Eletrônicos;824.79;4;3;C2854;3420
Livro;Livros;4946.67;4;2;C8314;3834
Caixa de Som;Acessórios;3562.04;5;5;C3150;4760
Câmera;Eletrônicos;6299.08;1;2;C5792;3434
TV;Eletrônicos;3320.02;2;1;C6698;1460
Tablet;Eletrônicos;5817.24;5;2;C2111;2001
Mouse;Acessórios;6857.66;1;3;C8295;2140
Carregador;Acessórios;6774.13;3;2;C7352;3691
Fone de Ouvido;Acessórios;817.98;1;1;C9902;1370
Cadeira Gamer;Móveis;5877.77;2;1;C4973;797
Cadeira Gamer;Móveis;3467.34;2;1;C2867;4325
Mochila;Utilidades;5418.88;1;1;C6231;4762
Cadeira Gamer;Móveis;5556.77;2;3;C7457;150
Tablet;Eletrônicos;3655.83;3;4;C2064;4462
Caixa de Som;Acessórios;7734.54;2;4;C6164;4482
Mouse;Acessórios;4241.0;2;5;C3470;682
Teclado;Acessórios;2935.02;1;4;C7966;4509
Fone de Ouvido;Acessórios;7397.84;2;1;C8798;915
Fone de Ouvido;Acessórios;4170.09;4;3;C8057;4708
Teclado;Acessórios;1821.35;5;5;C3121;3210
Livro;Livros;4939.03;2;5;C3181;4586
Mouse;Acessórios;3657.05;4;4;C1934;1483
TV;Eletrônicos;3596.02;5;3;C9806;466
Monitor;Eletrônicos;7257.5;1;2;C3564;1004
Notebook;Eletrônicos;3335.53;5;1;C8627;7
Notebook;Eletrônicos;6071.85;4;1;C6081;3176
Smartwatch;Eletrônicos;6904.16;3;1;C7569;2395
Cadeira Gamer;Móveis;6886.1;1;3;C4259;4044
Notebook;Eletrônicos;2265.29;1;3;C8725;507
Fone de Ouvido;Acessórios;6752.0;2;4;C3700;4040
Livro;Livros;7109.7;4;3;C4142;3436
Câmera;Eletrônicos;7480.74;3;5;C3171;3813
Caixa de Som;Acessórios;802.97;1;5;C6872;2119
Carregador;Acessórios;6909.3;4;4;C3489;2365
Monitor;Eletrônicos;5856.2;1;1;C2281;2273
Teclado;Acessórios;2933.91;2;3;C9722;2671
Mochila;Utilidades;3952.38;2;2;C8784;1818
Smartwatch;Eletrônicos;1800.34;2;4;C6168;2326
Notebook;Eletrônicos;6445.78;5;4;C2819;2125
Carregador;Acessórios;1520.53;2;1;C9061;2101
Cadeira Gamer;Móveis;4660.93;4;4;C8012;1501
Cadeira Gamer;Móveis;2106.05;2;2;C2930;4557
Monitor;Eletrônicos;3013.19;4;4;C5475;1537
Fone de Ouvido;Acessórios;288.26;5;5;C8261;647
Tablet;Eletrônicos;3374.65;5;5;C5552;3269
Notebook;Eletrônicos;7773.28;1;1;C8669;2630
TV;Eletrônicos;2323.19;3;2;C5432;3724
Mochila;Utilidades;4510.54;5;5;C1050;4648
Monitor;Eletrônicos;4677.51;5;4;C5004;3130
Mochila;Utilidades;3597.53;5;4;C2092;3230
Câmera;Eletrônicos;4271.22;5;2;C8104;3757
TV;Eletrônicos;7725.91;3;2;C4294;2497
Carregador;Acessórios;2775.16;2;1;C6475;1513
Fone de Ouvido;Acessórios;5493.31;1;4;C3675;1039
Tablet;Eletrônicos;320.4;2;4;C5997;4451
Câmera;Eletrônicos;3277.3;1;5;C6583;4665
Tablet;Eletrônicos;2227.61;1;3;C6521;3118
TV;Eletrônicos;5194.51;5;5;C9557;4955
Mouse;Acessórios;7725.07;3;4;C9647;999
Monitor;Eletrônicos;6944.9;5;1;C1638;749
TV;Eletrônicos;1397.17;4;2;C2047;3562
Notebook;Eletrônicos;5840.01;2;1;C5741;2981
Caixa de Som;Acessórios;1883.14;1;4;C7694;3691
Mouse;Acessórios;509.17;4;4;C4765;1025
Carregador;Acessórios;3125.64;2;1;C4418;1392
Notebook;Eletrônicos;3886.93;1;4;C8932;590
Cadeira Gamer;Móveis;1221.96;2;5;C2805;4082
Cadeira Gamer;Móveis;7330.94;1;5;C4483;2197
Mochila;Utilidades;2860.05;2;5;C3048;3000
Teclado;Acessórios;3292.3;1;2;C5441;2127
Câmera;Eletrônicos;4542.64;2;1;C6462;2050
Smartphone;Eletrônicos;1153.6;2;5;C7769;2783
Câmera;Eletrônicos;6989.76;5;2;C6747;1086
TV;Eletrônicos;7805.91;1;1;C1248;2174
Cadeira Gamer;Móveis;1953.57;1;4;C8820;1775
Fone de Ouvido;Acessórios;4913.44;1;3;C8317;469
Monitor;Eletrônicos;4209.63;1;1;C7465;529
Smartwatch;Eletrônicos;7175.42;1;3;C3517;2338
Mochila;Utilidades;190.77;2;1;C9244;595
Fone de Ouvido;Acessórios;2035.15;3;4;C4509;852
Cadeira Gamer;Móveis;1437.14;5;4;C5758;267
Monitor;Eletrônicos;3449.28;1;4;C6398;3185
Notebook;Eletrônicos;1801.17;1;3;C8531;684
Caixa de Som;Acessórios;183.35;4;1;C4447;3426
TV;Eletrônicos;57.85;4;1;C1658;1946
Fone de Ouvido;Acessórios;772.41;4;3;C2579;370
Câmera;Eletrônicos;2924.03;3;1;C9529;2746
Mouse;Acessórios;3531.52;3;3;C6342;861
Caixa de Som;Acessórios;3669.82;2;2;C9742;4981
Câmera;Eletrônicos;3947.86;4;2;C9545;4705
Câmera;Eletrônicos;2577.45;5;4;C3727;2787
Cadeira Gamer;Móveis;3935.86;4;2;C2217;2124
Caixa de Som;Acessórios;7361.37;4;5;C3307;4209
Monitor;Eletrônicos;3305.44;4;5;C2576;89
Notebook;Eletrônicos;2270.33;5;3;C5927;4178
Notebook;Eletrônicos;7135.61;1;4;C1206;833
TV;Eletrônicos;6247.31;3;3;C7343;2337
TV;Eletrônicos;2067.51;4;3;C9762;3010
Cadeira Gamer;Móveis;5264.02;2;1;C4246;3260
TV;Eletrônicos;2017.05;4;4;C9656;652
Mouse;Acessórios;6909.37;4;2;C3439;238
Caixa de Som;Acessórios;882.14;1;3;C4534;2005
Teclado;Acessórios;472.79;3;4;C5883;4124
Cadeira Gamer;Móveis;5641.19;3;3;C3793;4066
Câmera;Eletrônicos;5109.76;2;2;C2412;344
Smartwatch;Eletrônicos;6538.15;5;2;C5528;2642
Notebook;Eletrônicos;7180.53;4;5;C2368;629
Smartphone;Eletrônicos;7211.98;4;5;C4142;3505
Notebook;Eletrônicos;7346.93;3;1;C4927;1783
Câmera;Eletrônicos;704.0;1;2;C7369;3801
Caixa de Som;Acessórios;7425.01;3;3;C5305;21
Tablet;Eletrônicos;5449.36;3;4;C1616;4408
Caixa de Som;Acessórios;1037.07;2;1;C6305;3591
Tablet;Eletrônicos;2298.72;1;4;C3533;1598
Smartwatch;Eletrônicos;2741.57;5;2;C4671;3794
Câmera;Eletrônicos;5482.69;1;2;C8066;612
Câmera;Eletrônicos;6450.01;5;4;C8889;805
Tablet;Eletrônicos;224.89;3;3;C9017;650
TV;Eletrônicos;1370.13;1;3;C4510;1467
Caixa de Som;Acessórios;6846.14;2;4;C3782;2160
Carregador;Acessórios;415.18;4;5;C8251;3944
Cadeira Gamer;Móveis;3422.86;2;4;C3257;2153
Smartwatch;Eletrônicos;7274.55;2;5;C9260;2231
Cadeira Gamer;Móveis;6577.36;5;4;C9151;4651
Monitor;Eletrônicos;7642.34;1;3;C7470;3560
Teclado;Acessórios;7661.36;1;2;C5556;619
Smartwatch;Eletrônicos;7331.64;4;3;C3201;3993
Carregador;Acessórios;6100.81;4;1;C3844;3440
Teclado;Acessórios;3663.1;4;2;C5862;84
Caixa de Som;Acessórios;4542.47;1;4;C3468;4154
Mouse;Acessórios;953.08;1;3;C9358;3277
Mouse;Acessórios;6428.71;1;2;C8663;1498
Smartphone;Eletrônicos;4908.09;1;1;C8228;365
Carregador;Acessórios;399.94;3;5;C2417;2844
Carregador;Acessórios;3338.41;2;3;C6338;1823
Caixa de Som;Acessórios;5766.14;4;4;C9830;1252
Tablet;Eletrônicos;5192.47;5;5;C8813;362
Carregador;Acessórios;7606.53;2;1;C2412;801
Caixa de Som;Acessórios;7153.67;1;4;C2929;3092
Teclado;Acessórios;7994.0;4;3;C5685;2591
Teclado;Acessórios;6643.33;1;2;C2074;837
Fone de Ouvido;Acessórios;1699.18;1;5;C9605;629
Câmera;Eletrônicos;3973.54;4;3;C6693;187
Monitor;Eletrônicos;3867.86;2;5;C9304;4181
Tablet;Eletrônicos;471.22;2;4;C6651;1094
Cadeira Gamer;Móveis;6155.21;5;2;C7771;952
Caixa de Som;Acessórios;663.74;1;5;C2059;4328
Livro;Livros;2915.64;5;2;C8004;3661
Carregador;Acessórios;7691.95;1;3;C9412;4571
Cadeira Gamer;Móveis;6951.8;2;3;C3151;416
Mouse;Acessórios;3354.89;2;5;C9873;3848
Smartphone;Eletrônicos;44.29;3;4;C4847;640
Teclado;Acessórios;6243.8;1;4;C5426;3413
Smartphone;Eletrônicos;5742.83;1;2;C5355;3579
Mochila;Utilidades;3166.55;3;3;C2632;1732
Caixa de Som;Acessórios;312.85;2;2;C1189;3308
Cadeira Gamer;Móveis;2440.34;1;1;C1709;11
Notebook;Eletrônicos;4036.58;5;5;C8575;4449
Cadeira Gamer;Móveis;4233.88;3;4;C1774;3572
Livro;Livros;1768.42;2;1;C4555;3019
Mouse;Acessórios;2442.1;2;1;C4895;1472
Smartphone;Eletrônicos;4720.33;5;5;C2996;1318
Caixa de Som;Acessórios;5157.98;3;3;C3311;850
Mochila;Utilidades;5085.2;2;2;C8543;183
Tablet;Eletrônicos;6351.63;3;3;C8924;3389
TV;Eletrônicos;5485.9;4;3;C3687;4749
Teclado;Acessórios;5404.49;2;5;C6063;1249
Cadeira Gamer;Móveis;3771.81;1;2;C2313;2278
Livro;Livros;5171.64;1;1;C7494;2735
TV;Eletrônicos;6671.76;3;5;C8795;1685
Carregador;Acessórios;4944.33;4;2;C4903;2
Caixa de Som;Acessórios;6167.56;5;1;C7807;3694
TV;Eletrônicos;5594.28;4;5;C9925;1092
Mouse;Acessórios;6942.04;1;4;C6111;3015
Smartphone;Eletrônicos;3790.61;4;5;C2906;1866
Mochila;Utilidades;994.91;1;4;C6317;2060
Caixa de Som;Acessórios;7759.01;5;3;C9448;417
Smartphone;Eletrônicos;3046.54;4;5;C7805;4942
Câmera;Eletrônicos;3182.17;5;5;C3132;2527
Notebook;Eletrônicos;6778.25;3;2;C9632;1920
Smartwatch;Eletrônicos;7978.43;3;2;C6110;2330
Mouse;Acessórios;4214.19;2;3;C7664;4039
TV;Eletrônicos;5189.79;4;1;C4255;165
Câmera;Eletrônicos;5930.3;1;1;C3679;688
Mochila;Utilidades;5911.06;3;3;C4542;879
Smartphone;Eletrônicos;700.37;5;3;C4879;2243
Câmera;Eletrônicos;7804.07;2;5;C6441;4122
Smartphone;Eletrônicos;2335.44;5;2;C1222;618
Caixa de Som;Acessórios;7496.63;4;5;C6273;2626
Câmera;Eletrônicos;3107.21;4;2;C1196;3993
Smartwatch;Eletrônicos;69.6;2;4;C4206;3560
Câmera;Eletrônicos;4868.09;5;1;C4393;2358
Fone de Ouvido;Acessórios;1476.0;4;5;C1544;2282
Mochila;Utilidades;5767.39;2;4;C9218;2534
Monitor;Eletrônicos;2568.06;1;2;C3975;4076
Câmera;Eletrônicos;6327.29;1;2;C3785;2990
TV;Eletrônicos;430.36;5;1;C5811;2764
Carregador;Acessórios;4271.73;5;1;C9401;1281
Fone de Ouvido;Acessórios;7055.06;3;5;C5934;3907
Smartphone;Eletrônicos;7772.24;3;1;C6053;2931
Cadeira Gamer;Móveis;4085.56;2;2;C5153;2825
Carregador;Acessórios;7011.97;2;2;C8802;4094
Carregador;Acessórios;7213.37;5;2;C4254;3232
Notebook;Eletrônicos;4731.5;4;2;C9824;1460
Tablet;Eletrônicos;1495.09;4;2;C3590;4920
Cadeira Gamer;Móveis;1881.9;2;2;C1559;2137
Tablet;Eletrônicos;5773.06;3;4;C8982;4440
Câmera;Eletrônicos;6898.54;2;3;C1907;3786
Câmera;Eletrônicos;1333.56;1;1;C3198;2984
Smartwatch;Eletrônicos;3620.83;1;4;C3128;4649
Cadeira Gamer;Móveis;665.63;2;4;C3603;475
Fone de Ouvido;Acessórios;7927.75;1;3;C6294;360
Smartwatch;Eletrônicos;6375.96;1;2;C8939;1265
Smartphone;Eletrônicos;6619.03;2;3;C9439;909
Tablet;Eletrônicos;1479.24;4;1;C2706;135
TV;Eletrônicos;1969.94;5;5;C2733;2002
Monitor;Eletrônicos;7172.23;5;3;C1579;2467
Câmera;Eletrônicos;2173.79;5;3;C5362;1824
Caixa de Som;Acessórios;3532.41;5;5;C1102;2894
Mouse;Acessórios;4401.59;4;5;C8529;3545
Câmera;Eletrônicos;3079.05;2;3;C8790;610
Cadeira Gamer;Móveis;5817.22;4;4;C7890;1653
Carregador;Acessórios;3615.17;5;4;C3167;4502
Mochila;Utilidades;6302.38;1;5;C7110;597
Teclado;Acessórios;1818.53;1;2;C7251;1968
Tablet;Eletrônicos;1944.21;5;5;C2530;4792
Livro;Livros;4560.27;4;5;C7211;4467
Carregador;Acessórios;2973.42;1;1;C4543;4694
Fone de Ouvido;Acessórios;7649.58;5;4;C5477;2955
Mouse;Acessórios;7349.81;2;3;C4720;2763
Fone de Ouvido;Acessórios;6349.89;5;3;C1283;4851
Carregador;Acessórios;699.93;3;3;C4384;1129
TV;Eletrônicos;7969.1;1;3;C1597;470
Caixa de Som;Acessórios;7840.02;4;4;C9497;91
Mouse;Acessórios;2614.62;5;3;C3996;1203
Fone de Ouvido;Acessórios;758.51;5;5;C4322;3387
Fone de Ouvido;Acessórios;7438.77;2;1;C9923;4466
TV;Eletrônicos;5744.61;2;1;C9005;2425
Fone de Ouvido;Acessórios;197.02;5;2;C6063;4163
Mouse;Acessórios;2609.45;1;4;C2535;3083
Câmera;Eletrônicos;2171.04;5;2;C2826;15
Tablet;Eletrônicos;513.26;5;2;C2977;3944
Cadeira Gamer;Móveis;2147.9;2;3;C9321;3655
Caixa de Som;Acessórios;6520.11;4;3;C3979;4017
Smartphone;Eletrônicos;7504.57;3;1;C4992;2478
Mouse;Acessórios;2913.79;4;5;C5880;2804
Notebook;Eletrônicos;7477.01;3;5;C3316;4076
Mochila;Utilidades;7269.43;3;4;C5476;3942
Fone de Ouvido;Acessórios;1915.85;2;2;C2509;3917
Notebook;Eletrônicos;7028.45;4;1;C6483;588
Mochila;Utilidades;502.6;3;2;C7663;3221
Carregador;Acessórios;5787.38;3;3;C3252;2946
TV;Eletrônicos;2762.59;3;2;C1012;1642
Teclado;Acessórios;5491.22;3;1;C7214;1108
Caixa de Som;Acessórios;2262.9;3;1;C7810;1825
Teclado;Acessórios;166.36;2;5;C4682;2520
Carregador;Acessórios;6387.84;3;5;C6504;230
Teclado;Acessórios;7276.57;2;2;C8066;2571
Mouse;Acessórios;5041.27;2;3;C5578;3212
Notebook;Eletrônicos;2751.53;2;5;C3516;2152
Mouse;Acessórios;2166.55;5;1;C6635;4726
Mochila;Utilidades;3631.31;1;3;C2447;4238
Smartwatch;Eletrônicos;467.15;4;3;C7129;4199
Teclado;Acessórios;337.02;1;5;C6049;2934
Mouse;Acessórios;2933.69;5;3;C8543;2218
Smartwatch;Eletrônicos;2796.38;2;2;C4006;4773
Smartphone;Eletrônicos;6525.69;3;1;C7196;3251
Livro;Livros;232.38;1;1;C6101;2479
Teclado;Acessórios;5570.88;4;4;C1419;4262
Notebook;Eletrônicos;7496.12;2;4;C1309;1775
Mochila;Utilidades;1214.0;4;3;C9058;1979
Smartphone;Eletrônicos;5324.47;3;2;C1843;4679
Monitor;Eletrônicos;7656.68;1;5;C2926;2204
Mochila;Utilidades;5334.04;1;3;C5104;1434
Caixa de Som;Acessórios;4062.19;5;3;C3691;2321
Carregador;Acessórios;5517.66;5;2;C2827;2382
Livro;Livros;2744.7;2;2;C1570;1115
Mouse;Acessórios;5945.7;2;1;C2684;3504
Notebook;Eletrônicos;2164.99;2;1;C2211;4815
Notebook;Eletrônicos;4453.41;4;5;C2779;1875
Tablet;Eletrônicos;3782.43;2;2;C9293;2492
TV;Eletrônicos;1536.9;2;5;C9390;1063
Livro;Livros;1021.55;2;1;C9362;2859
Carregador;Acessórios;2861.62;1;5;C2957;4558
Cadeira Gamer;Móveis;2612.98;1;3;C6229;4497
Teclado;Acessórios;6264.82;1;1;C2539;36
TV;Eletrônicos;1694.11;2;4;C5840;2669
Monitor;Eletrônicos;4610.88;3;1;C2445;1249
Smartwatch;Eletrônicos;6324.48;4;2;C8980;2863
Fone de Ouvido;Acessórios;3158.69;2;5;C2520;1286
Câmera;Eletrônicos;5228.51;4;1;C6849;2567
TV;Eletrônicos;2775.13;5;1;C9925;1018
Teclado;Acessórios;3745.29;1;3;C1364;3445
Mochila;Utilidades;6110.22;2;4;C1348;1001
Notebook;Eletrônicos;7574.27;3;3;C2387;4608
Mochila;Utilidades;2768.38;5;3;C7668;3216
Livro;Livros;4435.59;4;1;C3122;679
Mouse;Acessórios;6803.22;4;1;C3636;4540
Tablet;Eletrônicos;7523.27;5;1;C6614;2631
Teclado;Acessórios;4402.7;4;3;C2882;24
Smartphone;Eletrônicos;6133.32;5;3;C8434;3349
Mouse;Acessórios;4934.34;3;5;C1065;3772
Câmera;Eletrônicos;1206.02;1;3;C6136;1690
Smartphone;Eletrônicos;7489.83;3;1;C7650;13
Mouse;Acessórios;4193.35;3;1;C4659;4612
Cadeira Gamer;Móveis;6766.07;4;3;C2675;2862
Mouse;Acessórios;5274.69;1;3;C4672;241
Fone de Ouvido;Acessórios;5162.13;3;3;C6288;4216
Livro;Livros;5730.98;5;5;C1001;2568
Teclado;Acessórios;1066.0;2;5;C1739;4254
Smartphone;Eletrônicos;2643.64;5;3;C7406;4204
Livro;Livros;5244.02;5;1;C2549;2601
Monitor;Eletrônicos;3880.72;5;1;C7159;1516
Smartwatch;Eletrônicos;1378.31;1;3;C9171;3513
Smartphone;Eletrônicos;7350.71;2;2;C5036;328
Mouse;Acessórios;7259.44;4;5;C5304;2785
Tablet;Eletrônicos;1874.56;3;5;C1693;1775
Câmera;Eletrônicos;7594.62;3;3;C1508;3153
Câmera;Eletrônicos;508.14;2;2;C2069;328
Mouse;Acessórios;4544.31;2;4;C9260;2142
Cadeira Gamer;Móveis;6801.1;5;5;C4708;3326
Cadeira Gamer;Móveis;129.7;1;2;C6237;3293
Smartphone;Eletrônicos;1172.9;3;4;C3557;4314
Smartphone;Eletrônicos;7537.06;1;1;C4792;4209
Caixa de Som;Acessórios;5020.65;1;5;C5172;3620
Câmera;Eletrônicos;4039.31;2;4;C4513;4377
Câmera;Eletrônicos;6209.2;2;3;C5947;593
Caixa de Som;Acessórios;1755.3;2;5;C7166;3260
Tablet;Eletrônicos;206.02;5;2;C4055;4978
TV;Eletrônicos;1068.54;5;3;C1739;2417
Mouse;Acessórios;7834.88;5;2;C2808;1203
Câmera;Eletrônicos;6798.49;2;2;C7711;1192
Fone de Ouvido;Acessórios;1286.76;4;4;C7462;1365
TV;Eletrônicos;7071.53;2;2;C1675;251
Teclado;Acessórios;5542.36;2;4;C7130;1362
Fone de Ouvido;Acessórios;897.62;5;5;C4977;2761
Fone de Ouvido;Acessórios;5247.91;4;1;C8718;800
Smartphone;Eletrônicos;7500.23;5;3;C7392;4715
Carregador;Acessórios;7302.0;4;3;C5244;538
Mouse;Acessórios;4228.7;5;5;C4983;3513
Fone de Ouvido;Acessórios;2870.03;5;2;C4090;3105
Livro;Livros;39.72;3;1;C2645;1637
Smartphone;Eletrônicos;2110.98;1;5;C5586;1818
Fone de Ouvido;Acessórios;4941.61;4;3;C7688;2107
Câmera;Eletrônicos;6780.36;4;3;C9286;1727
Mochila;Utilidades;1935.22;4;1;C9370;127
Caixa de Som;Acessórios;5512.95;3;1;C7309;2590
Mochila;Utilidades;5158.64;5;5;C4998;3950
Smartwatch;Eletrônicos;2679.99;1;1;C9502;4793
Mochila;Utilidades;3639.01;3;5;C6606;1901
Câmera;Eletrônicos;2642.43;2;5;C1682;4763
TV;Eletrônicos;5224.4;4;3;C5075;3838
Smartwatch;Eletrônicos;2255.98;1;5;C4809;2112
Monitor;Eletrônicos;3334.34;4;1;C4585;3784
Fone de Ouvido;Acessórios;5874.89;5;2;C1819;2529
TV;Eletrônicos;1487.41;3;2;C2123;1070
Mouse;Acessórios;202.04;1;4;C3212;2446
Carregador;Acessórios;3351.78;1;4;C6900;3583
Mochila;Utilidades;1947.89;1;1;C4740;94
Teclado;Acessórios;3413.29;4;2;C6243;1739
Livro;Livros;4033.85;4;2;C8074;3354
Smartphone;Eletrônicos;1815.88;2;3;C3955;1454
Teclado;Acessórios;3757.36;3;3;C5659;2161
Tablet;Eletrônicos;1173.33;2;3;C3113;78
Notebook;Eletrônicos;3872.07;4;3;C6726;4264
Smartwatch;Eletrônicos;6576.72;2;1;C1311;2422
Mouse;Acessórios;6838.34;3;2;C7553;3863
TV;Eletrônicos;7130.27;4;3;C2989;4209
Mochila;Utilidades;6766.1;1;4;C5620;987
Mochila;Utilidades;818.78;5;4;C1490;4555
Mochila;Utilidades;4564.35;4;5;C2900;3781
Monitor;Eletrônicos;4436.28;4;3;C1904;4325
Teclado;Acessórios;6079.0;5;3;C2949;4607
Câmera;Eletrônicos;3011.66;5;4;C5927;1848
Smartwatch;Eletrônicos;7939.77;3;3;C2107;1499
TV;Eletrônicos;6075.86;5;3;C8941;2330
Smartphone;Eletrônicos;2998.49;5;3;C8288;2614
TV;Eletrônicos;467.37;4;5;C4011;3666
Monitor;Eletrônicos;7559.23;3;3;C2415;4348
Smartphone;Eletrônicos;6479.4;3;1;C5139;106
Smartphone;Eletrônicos;5628.23;2;2;C8565;3335
Livro;Livros;6397.66;5;4;C8413;2835
Fone de Ouvido;Acessórios;1142.49;4;4;C7147;4052
Livro;Livros;3347.32;4;5;C3562;3808
Notebook;Eletrônicos;5459.54;1;1;C5912;2112
Tablet;Eletrônicos;357.02;3;4;C5084;3060
Teclado;Acessórios;273.22;1;5;C3813;1292
Cadeira Gamer;Móveis;2136.6;2;5;C4523;3217
Carregador;Acessórios;2814.7;3;5;C6605;588
Mochila;Utilidades;4609.26;4;5;C3324;4910
Câmera;Eletrônicos;5168.57;3;3;C6965;3267
Câmera;Eletrônicos;7734.56;3;3;C9355;1863
Teclado;Acessórios;5386.2;5;4;C4523;2581
Monitor;Eletrônicos;4177.28;1;5;C6773;2684
Smartphone;Eletrônicos;2409.03;5;3;C8691;2223
Smartphone;Eletrônicos;5185.79;3;3;C2964;1934
Monitor;Eletrônicos;3943.77;5;4;C8534;2500
Notebook;Eletrônicos;6955.54;2;5;C1518;4112
Livro;Livros;6346.16;2;5;C4824;451
Câmera;Eletrônicos;4817.24;5;3;C1110;591
Monitor;Eletrônicos;5843.52;1;4;C5182;4239
TV;Eletrônicos;4678.21;1;5;C2399;1288
TV;Eletrônicos;2190.87;4;3;C6092;4829
Tablet;Eletrônicos;5380.41;4;5;C7924;4774
Carregador;Acessórios;1882.51;1;4;C1302;3380
Mochila;Utilidades;7705.32;5;3;C5287;689
Monitor;Eletrônicos;7693.25;3;1;C1700;4217
Monitor;Eletrônicos;4154.53;2;4;C8197;2389
TV;Eletrônicos;7532.92;3;3;C1550;3530
Câmera;Eletrônicos;5738.76;5;3;C8161;3365
Fone de Ouvido;Acessórios;4828.66;4;5;C5158;427
Notebook;Eletrônicos;1083.52;3;1;C9643;4562
Smartwatch;Eletrônicos;7752.21;1;4;C2791;2138
Livro;Livros;2838.58;3;3;C2949;1803
Teclado;Acessórios;4261.27;1;1;C7184;1565
Smartwatch;Eletrônicos;5146.94;4;1;C9599;709
Câmera;Eletrônicos;3215.63;1;4;C3136;3176
Monitor;Eletrônicos;3689.67;3;1;C8719;2626
Tablet;Eletrônicos;3946.12;3;5;C1506;2585
Teclado;Acessórios;3807.83;1;2;C5919;2149
TV;Eletrônicos;7278.67;1;1;C2770;4485
Cadeira Gamer;Móveis;1964.91;4;3;C3322;4360
Mochila;Utilidades;5153.37;4;1;C7930;367
Fone de Ouvido;Acessórios;2212.71;3;2;C6507;3925
Notebook;Eletrônicos;806.02;3;2;C1612;989
Caixa de Som;Acessórios;6776.63;5;5;C5456;1832
Fone de Ouvido;Acessórios;4975.33;5;5;C6783;3596
Mochila;Utilidades;6173.53;1;4;C6362;4709
Caixa de Som;Acessórios;5707.96;5;3;C6031;3471
Fone de Ouvido;Acessórios;6232.91;5;4;C2041;1702
Notebook;Eletrônicos;694.65;2;1;C1914;4407
Câmera;Eletrônicos;3052.93;4;3;C1241;1439
Tablet;Eletrônicos;3419.06;1;2;C3541;1032
TV;Eletrônicos;6148.42;5;5;C7028;3618
Livro;Livros;5869.76;3;3;C1875;4985
Notebook;Eletrônicos;759.37;1;4;C8685;1671
Mochila;Utilidades;3498.11;2;1;C2467;1552
Mochila;Utilidades;5665.18;5;3;C2619;674
Smartwatch;Eletrônicos;5470.27;1;5;C9997;1404
Fone de Ouvido;Acessórios;5480.46;1;5;C3480;3696
Carregador;Acessórios;4327.46;4;2;C2711;870
Fone de Ouvido;Acessórios;4993.27;5;4;C4071;2065
TV;Eletrônicos;2267.89;2;1;C8294;1531
Cadeira Gamer;Móveis;5739.69;3;5;C7787;2727
Fone de Ouvido;Acessórios;5964.07;5;2;C7652;4468
Smartphone;Eletrônicos;5965.16;1;5;C7546;4076
Smartphone;Eletrônicos;2396.46;4;5;C4114;1306
Caixa de Som;Acessórios;2708.27;4;5;C7891;915
Cadeira Gamer;Móveis;5746.16;1;5;C2522;1820
Livro;Livros;4945.26;5;2;C2509;2364
Smartphone;Eletrônicos;6429.47;3;3;C1204;869
Smartphone;Eletrônicos;5551.2;1;4;C7777;758
Cadeira Gamer;Móveis;7286.15;1;2;C5066;71
Caixa de Som;Acessórios;7817.96;4;4;C1770;857
Notebook;Eletrônicos;3790.04;4;2;C9137;420
Carregador;Acessórios;3225.09;1;2;C2434;2404
Monitor;Eletrônicos;5090.76;3;1;C7068;4556
Smartphone;Eletrônicos;5734.05;2;1;C3847;1693
Mochila;Utilidades;354.21;4;3;C4593;2218
Teclado;Acessórios;1230.96;2;2;C7711;1949
Fone de Ouvido;Acessórios;3088.83;3;5;C8195;1482
Câmera;Eletrônicos;5837.7;5;4;C1623;4460
TV;Eletrônicos;1859.84;3;5;C4439;4666
Monitor;Eletrônicos;3525.62;3;5;C9998;1219
Livro;Livros;3114.73;1;5;C3809;4957
Smartphone;Eletrônicos;5688.13;2;4;C3018;1151
Livro;Livros;612.61;2;2;C1074;3730
Cadeira Gamer;Móveis;7024.66;1;5;C5949;396
Smartphone;Eletrônicos;4579.74;5;3;C1128;271
Tablet;Eletrônicos;360.24;4;2;C1381;740
Carregador;Acessórios;7805.81;5;5;C4221;4014
Câmera;Eletrônicos;3278.51;3;1;C5245;11
Smartphone;Eletrônicos;2945.31;2;4;C7684;4377
Câmera;Eletrônicos;3250.78;2;2;C7080;1142
Smartphone;Eletrônicos;7248.91;5;1;C1679;1417
Mochila;Utilidades;3567.53;5;3;C2634;91
Cadeira Gamer;Móveis;1781.83;1;1;C9177;2894
Câmera;Eletrônicos;4355.75;1;5;C7869;3722
Notebook;Eletrônicos;7048.08;1;2;C9091;4347
TV;Eletrônicos;7887.68;2;2;C7445;4934
Mochila;Utilidades;2879.58;4;3;C9579;3107
Tablet;Eletrônicos;6271.06;5;5;C9801;3710
Mouse;Acessórios;5085.09;4;1;C8974;4490
Fone de Ouvido;Acessórios;6359.76;5;2;C8324;3004
Tablet;Eletrônicos;5812.0;4;1;C2673;3122
Caixa de Som;Acessórios;5256.64;3;3;C1782;380
Mochila;Utilidades;332.7;2;3;C6866;4771
Teclado;Acessórios;2159.73;3;3;C3497;305
Smartwatch;Eletrônicos;1589.22;2;1;C4713;3941
TV;Eletrônicos;1778.08;1;2;C3506;1010
Caixa de Som;Acessórios;3649.88;2;3;C9433;963
Fone de Ouvido;Acessórios;2330.63;2;3;C6084;1560
Monitor;Eletrônicos;4359.0;4;2;C5242;1760
Notebook;Eletrônicos;465.21;3;5;C7143;3451
Cadeira Gamer;Móveis;5232.77;4;3;C6113;2976
Cadeira Gamer;Móveis;5284.93;4;5;C7535;4556
Smartwatch;Eletrônicos;5850.49;2;4;C6418;2389
Mouse;Acessórios;2066.53;1;2;C2976;1406
Livro;Livros;4282.87;3;1;C6431;4779
Tablet;Eletrônicos;6234.78;1;4;C8275;4066
Teclado;Acessórios;1494.79;3;5;C7122;1319
Tablet;Eletrônicos;1521.69;5;5;C4052;4886
Smartphone;Eletrônicos;674.41;4;4;C7947;4531
Fone de Ouvido;Acessórios;410.85;4;4;C8606;1800
Mouse;Acessórios;1941.0;5;5;C9236;4457
Teclado;Acessórios;2931.59;3;4;C1883;1277
Mochila;Utilidades;3057.12;5;4;C2969;4219
Livro;Livros;4920.7;4;4;C4776;1164
Tablet;Eletrônicos;3938.5;4;2;C1697;1201
TV;Eletrônicos;3291.66;3;4;C2600;2589
Smartwatch;Eletrônicos;1560.43;4;5;C6826;3353
Teclado;Acessórios;4391.1;3;1;C7993;4762
Mochila;Utilidades;2432.14;5;2;C2231;2032
Mochila;Utilidades;7402.43;1;2;C8090;4875
Monitor;Eletrônicos;4413.92;3;4;C6145;2496
Cadeira Gamer;Móveis;941.82;4;3;C9347;3302
TV;Eletrônicos;6661.03;5;1;C7992;2524
Câmera;Eletrônicos;6508.36;1;5;C2909;1763
Mouse;Acessórios;3715.9;3;1;C6485;1823
TV;Eletrônicos;7428.01;2;2;C7319;2983
Mouse;Acessórios;7298.93;5;4;C5176;4667
Monitor;Eletrônicos;4849.18;5;4;C2925;761
Câmera;Eletrônicos;3121.38;2;5;C5325;1415
Câmera;Eletrônicos;1300.45;1;4;C5737;1287
Carregador;Acessórios;3462.73;5;5;C9718;666
Notebook;Eletrônicos;2492.18;1;4;C7622;4430
Cadeira Gamer;Móveis;3505.38;5;4;C7207;4308
Tablet;Eletrônicos;3907.73;4;3;C6304;2564
TV;Eletrônicos;5009.46;3;2;C2833;4344
Fone de Ouvido;Acessórios;1632.44;3;3;C2853;3635
Tablet;Eletrônicos;3015.5;1;4;C1927;4810
Carregador;Acessórios;4500.31;1;2;C8847;3316
Mouse;Acessórios;608.23;5;3;C2196;2828
Carregador;Acessórios;4315.81;3;5;C3925;3987
Smartwatch;Eletrônicos;3886.72;1;4;C9367;2068
Smartwatch;Eletrônicos;2600.95;2;5;C7591;1178
Câmera;Eletrônicos;5776.32;2;2;C7956;148
Cadeira Gamer;Móveis;115.78;3;1;C1402;4073
Teclado;Acessórios;6269.91;2;5;C5851;2555
Smartwatch;Eletrônicos;2381.91;4;3;C3894;1879
Fone de Ouvido;Acessórios;6793.76;3;1;C5874;4539
Smartphone;Eletrônicos;424.36;1;5;C5010;4808
Mouse;Acessórios;1358.92;1;1;C6515;1125
Caixa de Som;Acessórios;7835.08;5;1;C1121;1025
TV;Eletrônicos;3737.36;1;5;C9057;4154
Mochila;Utilidades;5581.25;1;5;C3543;4881
TV;Eletrônicos;6204.86;4;5;C1166;2551
Livro;Livros;871.91;3;4;C8030;18
Câmera;Eletrônicos;6926.18;4;3;C7588;607
Carregador;Acessórios;4804.0;3;2;C2904;584
Tablet;Eletrônicos;5523.16;5;2;C9006;1847
Câmera;Eletrônicos;2873.55;4;3;C9152;2547
Monitor;Eletrônicos;7404.9;1;2;C8649;2141
Caixa de Som;Acessórios;6707.88;4;3;C5755;3653
Carregador;Acessórios;6159.14;5;3;C6087;1589
Monitor;Eletrônicos;6102.0;2;2;C7693;3210
Teclado;Acessórios;4323.12;1;5;C1975;2348
Smartphone;Eletrônicos;7906.18;3;3;C4592;2682
TV;Eletrônicos;1806.05;4;2;C7712;2735
Fone de Ouvido;Acessórios;5569.14;5;1;C4069;56
Cadeira Gamer;Móveis;70.59;3;5;C7736;1281
Câmera;Eletrônicos;503.11;2;4;C1249;2893
Livro;Livros;3602.87;1;5;C2733;3774
Livro;Livros;3316.1;3;2;C7431;2157
Mochila;Utilidades;6057.0;1;5;C1833;4006
Mochila;Utilidades;6590.72;1;2;C2989;3168
Teclado;Acessórios;3890.37;3;3;C1865;2942
Smartphone;Eletrônicos;2866.6;1;2;C9477;495
Carregador;Acessórios;1222.03;3;1;C9069;2582
Smartwatch;Eletrônicos;4396.77;3;5;C6153;87
Teclado;Acessórios;5902.64;3;1;C9703;3786
Livro;Livros;1576.04;2;5;C3183;2161
Carregador;Acessórios;6950.11;2;4;C3116;1140
Tablet;Eletrônicos;6221.69;5;3;C2655;4733
Mouse;Acessórios;5089.57;2;4;C8323;4474
Fone de Ouvido;Acessórios;2719.47;4;4;C8505;1809
Mochila;Utilidades;3347.81;3;1;C8749;1836
Livro;Livros;805.32;5;3;C3251;655
Notebook;Eletrônicos;48.2;1;4;C2574;2104
TV;Eletrônicos;3915.53;4;5;C1302;4773
Carregador;Acessórios;3294.9;1;4;C9967;1596
Mouse;Acessórios;5769.05;3;4;C2244;795
Carregador;Acessórios;355.99;3;3;C2987;2488
Livro;Livros;2402.26;4;4;C5634;775
TV;Eletrônicos;6850.22;2;3;C1096;3562
Smartwatch;Eletrônicos;3308.94;2;4;C8240;754
Cadeira Gamer;Móveis;1253.5;1;1;C6823;1855
Livro;Livros;5567.6;2;3;C9269;1552
Monitor;Eletrônicos;1947.13;1;5;C3955;1972
Câmera;Eletrônicos;3928.71;4;5;C4114;4217
Câmera;Eletrônicos;6273.05;5;5;C6927;3308
Cadeira Gamer;Móveis;5759.91;3;2;C5619;3075
Caixa de Som;Acessórios;6169.56;4;1;C9419;2507
Notebook;Eletrônicos;1544.76;3;5;C7699;279
Caixa de Som;Acessórios;582.76;5;4;C4580;202
Caixa de Som;Acessórios;4698.7;2;3;C1273;4284
TV;Eletrônicos;7711.79;5;3;C6802;2530
Tablet;Eletrônicos;4281.42;1;3;C1378;3999
Fone de Ouvido;Acessórios;554.09;4;3;C9303;2404
Fone de Ouvido;Acessórios;6633.79;4;4;C6158;3558
Fone de Ouvido;Acessórios;513.59;4;3;C2402;3546
Cadeira Gamer;Móveis;6073.64;4;2;C1407;1819
Notebook;Eletrônicos;6182.53;2;4;C3156;1673
Fone de Ouvido;Acessórios;2382.54;2;2;C9946;4423
TV;Eletrônicos;7088.33;1;3;C7930;4358
Caixa de Som;Acessórios;1175.46;5;3;C4267;1280
Cadeira Gamer;Móveis;7901.05;4;1;C6929;3752
Mouse;Acessórios;3967.64;3;2;C6548;919
Teclado;Acessórios;4774.71;4;2;C1969;2825
Livro;Livros;3752.83;4;2;C5164;817
Notebook;Eletrônicos;3639.55;2;5;C1646;1599
Cadeira Gamer;Móveis;5568.93;1;2;C3457;946
Tablet;Eletrônicos;6453.11;5;5;C9262;239
Teclado;Acessórios;4879.58;3;2;C3798;1876
Notebook;Eletrônicos;1291.46;5;4;C4484;4021
Cadeira Gamer;Móveis;4024.13;2;1;C3995;1944
Teclado;Acessórios;2839.75;1;2;C8934;3109
Monitor;Eletrônicos;5181.12;1;5;C7064;908
Livro;Livros;1753.28;2;2;C5510;2678
Tablet;Eletrônicos;1797.22;3;1;C1128;4796
Carregador;Acessórios;7641.15;3;1;C3643;1470
Mouse;Acessórios;6154.5;4;3;C3141;3843
Smartphone;Eletrônicos;1684.57;5;5;C5257;4892
Fone de Ouvido;Acessórios;3631.41;2;3;C9812;4931
Fone de Ouvido;Acessórios;7066.76;1;2;C5853;3836
Carregador;Acessórios;7406.66;4;2;C1080;220
Monitor;Eletrônicos;7841.88;3;3;C7365;246
Teclado;Acessórios;4671.76;3;5;C6282;3599
Teclado;Acessórios;4907.61;4;5;C1445;4407
Caixa de Som;Acessórios;2689.21;3;2;C4836;1549
Smartphone;Eletrônicos;5819.14;3;3;C1059;3327
Mouse;Acessórios;569.22;2;4;C8962;2174
Monitor;Eletrônicos;2459.0;5;4;C2794;3324
Livro;Livros;7848.47;5;4;C8509;3732
Caixa de Som;Acessórios;7109.37;4;3;C8131;4111
Monitor;Eletrônicos;2030.37;2;4;C3635;958
Fone de Ouvido;Acessórios;1850.78;5;3;C8754;4063
Mouse;Acessórios;4517.03;1;4;C9645;2575
Mouse;Acessórios;6338.54;1;4;C2608;143
Monitor;Eletrônicos;4887.58;2;4;C2973;732
Livro;Livros;32.92;2;5;C8279;2275
Smartphone;Eletrônicos;1862.3;5;3;C4860;4648
Teclado;Acessórios;2081.35;2;1;C7458;3661
Câmera;Eletrônicos;5001.16;4;2;C4776;3808
Teclado;Acessórios;976.0;4;3;C6648;2284
Teclado;Acessórios;6960.09;2;3;C9411;242
Tablet;Eletrônicos;4406.01;5;1;C9799;4631
Tablet;Eletrônicos;1209.08;5;1;C7673;4098
Teclado;Acessórios;7375.08;3;4;C2437;4735
Mochila;Utilidades;2864.25;1;5;C8931;665
Tablet;Eletrônicos;7135.76;1;2;C4341;4561
Smartwatch;Eletrônicos;721.47;5;4;C4503;3066
Carregador;Acessórios;3746.81;5;5;C1839;3926
TV;Eletrônicos;835.89;3;1;C7685;3027
Mouse;Acessórios;4862.12;1;5;C6587;2023
Fone de Ouvido;Acessórios;2908.22;3;1;C6952;4199
Smartwatch;Eletrônicos;2664.44;4;5;C6459;3048
Notebook;Eletrônicos;7756.84;1;3;C1514;2315
Smartphone;Eletrônicos;5296.12;4;2;C8014;4586
Tablet;Eletrônicos;7000.21;2;5;C7958;3652
Mouse;Acessórios;4053.63;1;4;C4359;1107
Cadeira Gamer;Móveis;7109.63;2;1;C5515;214
Notebook;Eletrônicos;7383.09;3;5;C9982;1285
Monitor;Eletrônicos;6532.12;2;4;C8119;4542
Mouse;Acessórios;1579.56;3;5;C5635;4739
Smartphone;Eletrônicos;7863.78;3;1;C8910;884
Smartwatch;Eletrônicos;6046.84;4;5;C7879;4219
Teclado;Acessórios;352.71;2;5;C8602;391
